,res_name,CasevsHC_mic
P2Y12,1.0,0.9160572
CD80,0.7515886289191888,0.7328458
FIZZ1,0.7515886289191888,0.7328458
TMEM119,0.42586401505675703,0.4580286
CD16,0.3293399546476184,0.3664229
CX3CR1,0.0,-1.9237201
CD68,0.0,-1.9237201
FCRLS,0.0,-1.9237201
ARG1,0.0,-2.0153258
CD14,0.0,-2.0153258
MMP9,0.0,-2.0153258
CD115,0.0,-2.0153258
CD11B,0.0,-2.0153258
CD45,0.0,-2.0153258
MMP12,0.0,-2.3817487
APOE4,0.0,-2.3817487
FCER1G,0.0,-2.3817487
SLC2A5,0.0,-2.3817487
TSPO,0.0,-2.3817487
CD40,0.0,-2.3817487
