,res_name,CasevsHC_mic
P2Y12,1.0,1.0
CD80,0.6912018562264011,0.7515886289191888
FIZZ1,0.6912018562264011,0.7515886289191888
TMEM119,0.3486171788527862,0.42586401505675703
CD16,0.26008289008530344,0.3293399546476184
CX3CR1,0.0,0.0
CD68,0.0,0.0
FCRLS,0.0,0.0
ARG1,0.0,0.0
CD14,0.0,0.0
MMP9,0.0,0.0
CD115,0.0,0.0
CD11B,0.0,0.0
CD45,0.0,0.0
MMP12,0.0,0.0
APOE4,0.0,0.0
FCER1G,0.0,0.0
SLC2A5,0.0,0.0
TSPO,0.0,0.0
CD40,0.0,0.0
