,res_name,CasevsHC_mic
P2Y12,0.449546101943796,0.449546101943796
CD80,0.515169439854871,0.515169439854871
FIZZ1,0.515169439854871,0.515169439854871
TMEM119,0.6809809316895455,0.6809809316895455
CD16,0.7140495419743071,0.7140495419743071
CX3CR1,0.07251955752606706,0.07251955752606706
CD68,0.07251955752606706,0.07251955752606706
FCRLS,0.07251955752606706,0.07251955752606706
ARG1,0.07251955752606706,0.07251955752606706
CD14,0.07251955752606706,0.07251955752606706
MMP9,0.07251955752606706,0.07251955752606706
CD115,0.07251955752606706,0.07251955752606706
CD11B,0.07251955752606706,0.07251955752606706
CD45,0.07251955752606706,0.07251955752606706
MMP12,0.05743549164414288,0.05743549164414288
APOE4,0.05743549164414288,0.05743549164414288
FCER1G,0.05743549164414288,0.05743549164414288
SLC2A5,0.05743549164414288,0.05743549164414288
TSPO,0.05743549164414288,0.05743549164414288
CD40,0.05743549164414288,0.05743549164414288
