,res_name,CasevsHC_mic
P2Y12,1.6510236,1.6510236
CD80,1.6483885,1.6483885
FIZZ1,1.4395717,1.4395717
TMEM119,1.1483642,1.1483642
CD16,1.0565413,1.0565413
CX3CR1,-36.277885,-36.277885
CD68,-35.5782,-35.5782
FCRLS,-35.79973,-35.79973
ARG1,-36.448288,-36.448288
CD14,-36.132767,-36.132767
MMP9,-36.022705,-36.022705
CD115,-35.212063,-35.212063
CD11B,-36.208797,-36.208797
CD45,-36.025284,-36.025284
MMP12,,
APOE4,,
FCER1G,,
SLC2A5,,
TSPO,,
CD40,,
