,CasevsHC_mic,CasevsHC_ast
MMP12,1.0,0.9196090087739073
CD16,1.0,0.9196090087739073
CD115,1.0,0.9196090087739073
TMEM119,1.0,0.9196090087739073
MMP9,1.0,0.9196090087739073
FCER1G,1.0,0.9196090087739073
FCRLS,1.0,0.9196090087739073
CD40,1.0,0.9196090087739073
APOE4,1.0,1.0
TSPO,1.0,1.0
SLC2A5,1.0,1.0
P2Y12,1.0,1.0
CX3CR1,1.0,1.0
CD45,1.0,1.0
CD11B,1.0,1.0
CD14,1.0,0.9196090087739073
CD68,1.0,0.9196090087739073
FIZZ1,1.0,0.9196090087739073
ARG1,1.0,0.9196090087739073
CD80,1.0,0.9196090087739073
